partenza,arrivo,giorni
06:42,07:00,123456
07:07,07:25,123456
07:22,07:40,123456
07:24,07:42,123456
08:12,08:40,123456
08:27,08:45,6
08:42,09:00,123456
08:57,09:15,123456
09:23,09:41,123456
09:23,09:41,12345
10:02,10:20,123456
10:57,11:15,123456
12:02,12:20,123456
12:16,12:34,123456
12:23,12:41,235
12:27,12:45,146
12:57,13:15,123456
13:02,13:20,123456
13:27,13:45,123456
13:52,14:10,123456
14:27,14:45,123456
14:27,14:45,12345
14:47,15:05,12345
14:52,15:10,12345
14:57,15:15,123456
15:08,15:26,12345
15:23,15:41,123456
15:23,15:41,12345
15:42,16:00,12345
16:02,16:20,123456
16:25,16:25,12345
17:23,17:41,12345
18:02,18:20,12345
18:32,18:50,12345
19:07,19:25,12345
19:42,20:00,123456
